id,name,model_id:id,group_id:id,perm_read,perm_write,perm_create,perm_unlink
access_navigator_session_user,navigator.session.user,model_ingtec_navigator_session,ingtec_safety_navigator.group_navigator_user,1,1,1,0
access_navigator_session_manager,navigator.session.manager,model_ingtec_navigator_session,ingtec_safety_navigator.group_navigator_manager,1,1,1,1
access_navigator_object_type_user,navigator.object_type.user,model_ingtec_navigator_object_type,ingtec_safety_navigator.group_navigator_user,1,0,0,0
access_navigator_object_type_manager,navigator.object_type.manager,model_ingtec_navigator_object_type,ingtec_safety_navigator.group_navigator_manager,1,1,1,1
access_system_category_user,system.category.user,model_ingtec_system_category,ingtec_safety_navigator.group_navigator_user,1,0,0,0
access_system_category_manager,system.category.manager,model_ingtec_system_category,ingtec_safety_navigator.group_navigator_manager,1,1,1,1
access_system_type_user,system.type.user,model_ingtec_system_type,ingtec_safety_navigator.group_navigator_user,1,0,0,0
access_system_type_editor,system.type.editor,model_ingtec_system_type,ingtec_safety_navigator.group_navigator_editor,1,1,1,0
access_system_type_manager,system.type.manager,model_ingtec_system_type,ingtec_safety_navigator.group_navigator_manager,1,1,1,1
access_system_type_synonym_user,system.type.synonym.user,model_ingtec_system_type_synonym,ingtec_safety_navigator.group_navigator_user,1,0,0,0
access_system_type_synonym_editor,system.type.synonym.editor,model_ingtec_system_type_synonym,ingtec_safety_navigator.group_navigator_editor,1,1,1,1
access_system_instance_user,system.instance.user,model_ingtec_system_instance,ingtec_safety_navigator.group_navigator_user,1,1,1,1
access_rule_user,rule.user,model_ingtec_rule,ingtec_safety_navigator.group_navigator_user,1,0,0,0
access_rule_editor,rule.editor,model_ingtec_rule,ingtec_safety_navigator.group_navigator_editor,1,1,1,0
access_rule_manager,rule.manager,model_ingtec_rule,ingtec_safety_navigator.group_navigator_manager,1,1,1,1
